id,name,highway,province,location,latitude,longitude,rank,description
kamo-ekika,賀茂駅家跡,山陽道（大路）,安芸,広島県東広島市西条町,34.4286,132.7431,大路駅家,安芸国西条盆地に位置する山陽道の古代駅家跡。駅馬20匹が配備された律令国家の幹線駅。
funo-ekika,布野駅家跡,山陽道（大路）,安芸,広島県広島市安佐北区,34.5125,132.5028,大路駅家,山陽道から山陰方面（石見国）へ分岐する交通結節点に位置する古代駅家跡。
saba-ekika,佐波駅家・周防国府,山陽道（大路）,周防,山口県防府市国分寺町,34.0583,131.5722,大路駅家,周防国府の膝元、佐波川河口の港湾と山陽道が交差する陸海交通の最重要駅家。
asa-ekika,厚狭駅家跡,山陽道（大路）,長門,山口県山陽小野田市厚狭,34.0536,131.1642,大路駅家,長門国の中枢・厚狭盆地に位置し関門海峡手前で長門国府・壇ノ浦へ続く山陽道最終区間の駅家。
shimonoseki-tsu,関門海峡渡航地点（赤間関）,山陽道・西海道連節部,長門・豊前,山口県下関市壇之浦,33.9583,130.9389,渡海津,本州山陽道から九州西海道への渡海中継地。早鞆の瀬戸を渡り文字関（門司）へ連絡。
onga-ekika,遠賀駅家跡,西海道（官道）,筑前,福岡県遠賀郡水巻町,33.8569,130.6861,官道駅家,関門海峡を渡った使節が大宰府へ向かう西海道の駅家。遠賀川水運との結節点。
akama-ekika,赤間駅家・宗像路,西海道（官道）,筑前,福岡県宗像市赤間,33.8117,130.5786,官道駅家,宗像大社の南西、釣川沿いの古代官道に設けられた駅家。宗像氏支配領域を抜けて博多湾へ向かう要衝。
mushiroda-ekika,席田駅家跡,西海道（官道）,筑前,福岡県福岡市博多区席田,33.5936,130.4539,官道駅家,博多湾奥の冷泉津・鴻臚館と大宰府を結ぶ官道中継地点。御笠川沿いの平野部に位置。
korokan,鴻臚館跡,西海道外交拠点,筑前,福岡県福岡市中央区城内（福岡城跡内）,33.5858,130.3847,国際迎賓館,古代日本の外交・海外交易の玄関口。唐や新羅の商人・使節を迎えた平安時代の対外施設跡。
dazaifu-seicho,大宰府政庁跡,西海道総括中枢,筑前,福岡県太宰府市観世音寺,33.5147,130.5153,都府楼,西海道九国二島を統括し山陽道大路の終点となった「遠の朝廷」。壮大な礎石群が残る。
