id,name,province,deity,latitude,longitude,rank,description
hakozaki-gu,筥崎宮,筑前,応神天皇・神功皇后・玉依姫命,33.6150,130.4225,官幣大社・一宮,博多湾奥に鎮座し「敵国降伏」の扁額を掲げる筑前国一之宮。蒙古襲来の戦跡としても名高い国家鎮護の大社。
usa-jingu-ichi,宇佐神宮,豊前,八幡大神（応神天皇）・比売大神・神功皇后,33.5269,131.3747,官幣大社・一宮,全国四万余の八幡宮の総本宮。古代より朝廷の第二の宗廟として崇敬された豊前国一之宮。
yusuhara-hachimangu,柞原八幡宮,豊後,応神天皇・仲哀天皇・神功皇后,33.2206,131.5458,国幣小社・一宮,宇佐神宮から勧請され由原山山麓に鎮座する豊後国一之宮。原生林に囲まれた楠の大樹が聳える。
yodohime-jinja,與止日女神社,肥前,与止日女命（神功皇后の妹）,33.3150,130.2567,県社・一宮,嘉瀬川上流の川上峡に鎮座し水神・川の神として崇敬される肥前国一之宮（河上神社）。
aso-jinja,阿蘇神社,肥後,健磐龍命（神武天皇の孫）,32.9483,131.1158,官幣大社・一宮,阿蘇カルデラの中央に鎮座し活火山阿蘇山を神体山として祀る肥後国一之宮。横参道を持つ雄大な社殿群。
sumiyoshi-jinja-nagato,長門国住吉神社,長門,住吉三神・応神天皇・武内宿禰,33.9983,130.9525,官幣中社・一宮,下関に鎮座し神功皇后の三韓渡航守護に由来する長門国一之宮。国宝の本殿は九間社流造の傑作。
tamanooya-jinja,玉祖神社,周防,玉祖命（三種の神器・八尺瓊勾玉の祖神）,34.0772,131.5422,国幣中社・一宮,防府市郊外の山麓に鎮座し玉造りの工人集団の奉斎神を祀る周防国一之宮。天然記念物の黒かしわ鶏を飼育。
itsukushima-jinja-ichi,厳島神社,安芸,市杵島姫命・田心姫命・湍津姫命,34.2960,132.3197,官幣中社・一宮,瀬戸内海の宮島に浮かぶ平清盛ゆかりの海上社殿。世界文化遺産にも登録された安芸国一之宮。
kaijin-jinja,海神神社,対馬,豊玉姫命（海神の娘）,34.4986,129.3364,国幣中社・一宮,対馬北部の白嶽山麓に鎮座し朝鮮半島への渡海安全を祈願した対馬国一之宮。国宝の金銅如来立像を伝存。
techo-jinja,天手長男神社,壱岐,天手長男命・天手長比売命,33.7483,129.7042,県社・一宮,壱岐島南部の高台に鎮座し海上交通・国土防衛を司る壱岐国一之宮。古代烽火台の候補地。
